,type,total km,total kWh,total CO2 [g],fix costs,total variable costs
0,default_vehtype,28.062783577913354,0.1403139178895668,15.71515880363148,2500.0,702.0
1,default_vehtype,19.69414055140168,0.09847070275700841,11.028718708784941,2500.0,492.0
2,default_vehtype,37.21979151769277,0.18609895758846384,20.84308324990795,2500.0,930.0
3,default_vehtype,13.178932490028943,0.06589466245014472,7.380202194416208,2500.0,329.0
4,default_vehtype,19.802348889284477,0.0990117444464224,11.08931537799931,2500.0,495.0
