,type,total km,total kWh,total CO2 [g],fix costs,total variable costs
0,default_vehtype,27.39126841148873,0.13695634205744367,15.339110310433691,2500.0,685.0
1,default_vehtype,21.13745999488824,0.1056872999744412,11.836977597137416,2500.0,528.0
2,default_vehtype,14.489200062559208,0.07244600031279604,8.113952035033156,2500.0,362.0
3,default_vehtype,22.0325731318717,0.1101628656593585,12.338240953848151,2500.0,551.0
4,default_vehtype,21.477661727229734,0.10738830863614866,12.02749056724865,2500.0,537.0
