,type,total km,total kWh,total CO2 [g],fix costs,total variable costs
0,default_vehtype,44.33855443397722,0.22169277216988612,24.829590483027246,2500.0,1108.0
1,default_vehtype,45.98664933024364,0.22993324665121817,25.752523624936437,2500.0,1150.0
2,default_vehtype,46.6392294486328,0.23319614724316398,26.117968491234365,2500.0,1166.0
3,default_vehtype,37.900018513712624,0.18950009256856312,21.22401036767907,2500.0,948.0
4,default_vehtype,43.57625866180973,0.21788129330904868,24.402704850613453,2500.0,1089.0
