,type,total km,total kWh,total CO2 [g],fix costs,total variable costs
0,default_parcel_veh,34.60139664047256,0.1730069832023628,19.376782118664632,2500.0,865.0
1,default_parcel_veh,12.609281696549887,0.06304640848274944,7.061197750067937,2500.0,315.0
2,default_parcel_veh,28.90678455140168,0.1445339227570084,16.187799348784942,2500.0,723.0
3,default_parcel_veh,25.965196994888245,0.12982598497444123,14.540510317137418,2500.0,649.0
4,default_parcel_veh,24.71594044065169,0.12357970220325844,13.840926646764945,2500.0,618.0
5,default_parcel_veh,48.6127976000193,0.24306398800009651,27.22316665601081,2500.0,1215.0
6,default_parcel_veh,16.247865991850993,0.08123932995925497,9.098804955436556,2500.0,406.0
7,default_parcel_veh,38.02228099273094,0.1901114049636547,21.292477355929325,2500.0,951.0
