,type,total km,total kWh,total CO2 [g],fix costs,total variable costs
0,default_vehtype,15.974543110310224,0.07987271555155112,8.945744141773726,2500.0,399.0
1,default_vehtype,42.325514696549895,0.2116275734827495,23.702288230067943,2500.0,1058.0
2,default_vehtype,23.028446172869433,0.11514223086434718,12.895929856806884,2500.0,576.0
3,default_vehtype,33.986465957338886,0.16993232978669442,19.032420936109776,2500.0,850.0
4,default_vehtype,56.52647609421712,0.2826323804710856,31.654826612761585,2500.0,1413.0
