,type,total km,total kWh,total CO2 [g],fix costs,total variable costs
0,default_vehtype,44.12929444065169,0.22064647220325848,24.71240488676495,2500.0,1103.0
1,default_vehtype,50.566576696549895,0.25283288348274946,28.31728295006794,2500.0,1264.0
2,default_vehtype,49.8216508681283,0.2491082543406415,27.900124486151846,2500.0,1246.0
3,default_vehtype,39.60272409421711,0.19801362047108556,22.177525492761582,2500.0,990.0
4,default_vehtype,42.942861288829015,0.21471430644414508,24.04800232174425,2500.0,1074.0
