,type,total km,total kWh,total CO2 [g],fix costs,total variable costs
0,default_parcel_veh,33.972771640472565,0.16986385820236283,19.024752118664637,2500.0,849.0
1,default_parcel_veh,20.358263330243638,0.10179131665121818,11.400627464936436,2500.0,509.0
2,default_parcel_veh,24.123636255303616,0.12061818127651809,13.509236302970026,2500.0,603.0
3,default_parcel_veh,35.77463936630625,0.17887319683153127,20.0337980451315,2500.0,894.0
4,default_parcel_veh,29.638459110408057,0.14819229555204028,16.59753710182851,2500.0,741.0
5,default_parcel_veh,32.319033517692766,0.16159516758846382,18.09865876990795,2500.0,808.0
6,default_parcel_veh,10.131257320890274,0.05065628660445137,5.673504099698554,2500.0,253.0
7,default_parcel_veh,43.06681451630376,0.2153340725815188,24.117416129130106,2500.0,1077.0
