,type,total km,total kWh,total CO2 [g],fix costs,total variable costs
0,default_vehtype,46.918277,9.383655400000002,1050.9694048000001,1300.0,18767.0
1,default_vehtype,51.214926,10.2429852,1147.2143424,1300.0,20486.0
2,default_vehtype,46.660247000000005,9.332049400000002,1045.1895328000003,1300.0,18664.0
3,default_vehtype,47.673421000000005,9.534684200000001,1067.8846304,1300.0,19069.0
4,default_vehtype,47.449057,9.4898114,1062.8588768,1300.0,18980.0
