,type,total km,total kWh,total CO2 [g],fix costs,total variable costs
0,default_vehtype,16.583067011890577,0.0829153350594529,9.286517526658724,2500.0,415.0
1,default_vehtype,18.47461802243467,0.09237309011217334,10.345786092563415,2500.0,462.0
2,default_vehtype,31.030750151386513,0.15515375075693258,17.37722008477645,2500.0,776.0
3,default_vehtype,33.88996749002894,0.1694498374501447,18.978381794416205,2500.0,847.0
4,default_vehtype,23.76035936571167,0.11880179682855835,13.305801244798534,2500.0,594.0
