,type,total km,total kWh,total CO2 [g],fix costs,total variable costs
0,default_vehtype,18.354629889689775,0.09177314944844887,10.278592738226275,2500.0,459.0
1,default_vehtype,20.51837822115805,0.10259189110579026,11.490291803848509,2500.0,513.0
2,default_vehtype,21.853186,0.10926593,12.23778416,2500.0,546.0
3,default_vehtype,26.72299958050449,0.13361499790252243,14.964879765082513,2500.0,668.0
4,default_vehtype,30.26027152741122,0.1513013576370561,16.945752055350283,2500.0,757.0
