,type,total km,total kWh,total CO2 [g],fix costs,total variable costs
0,default_vehtype,52.68845151371263,0.26344225756856315,29.505532847679074,2500.0,1317.0
1,default_vehtype,45.33203832513187,0.22666019162565934,25.385941462073845,2500.0,1133.0
2,default_vehtype,51.247269262572665,0.2562363463128633,28.69847078704069,2500.0,1281.0
3,default_vehtype,42.40094982122896,0.2120047491061448,23.74453189988822,2500.0,1060.0
4,default_vehtype,55.56882244065169,0.27784411220325844,31.118540566764946,2500.0,1389.0
5,default_vehtype,39.34727014627475,0.19673635073137374,22.03447128191386,2500.0,984.0
6,default_vehtype,49.060611793479055,0.2453030589673953,27.473942604348274,2500.0,1227.0
7,default_vehtype,45.57469977681019,0.22787349888405098,25.52183187501371,2500.0,1139.0
8,default_vehtype,42.8000052492172,0.214000026246086,23.968002939561632,2500.0,1070.0
