,type,total km,total kWh,total CO2 [g],fix costs,total variable costs
0,default_vehtype,15.063537827130569,0.07531768913565284,8.435581183193118,2500.0,377.0
1,default_vehtype,33.23828999999999,0.16619144999999996,18.613442399999997,2500.0,831.0
2,default_vehtype,7.971287464657065,0.039856437323285324,4.4639209802079565,2500.0,199.0
3,default_vehtype,9.387643580504486,0.04693821790252243,5.257080405082512,2500.0,235.0
4,default_vehtype,29.026999846930835,0.14513499923465417,16.255119914281266,2500.0,726.0
