,type,total km,total kWh,total CO2 [g],fix costs,total variable costs
0,low_range_vehtype,13.304882110310224,6.652441055155111,745.0733981773725,2500.0,333.0
1,low_range_vehtype,23.767446325131875,11.883723162565937,1330.976994207385,2500.0,594.0
2,low_range_vehtype,21.555702172869434,10.777851086434717,1207.1193216806882,2500.0,539.0
3,low_range_vehtype,20.98982015666619,10.494910078333096,1175.4299287733068,2500.0,525.0
4,low_range_vehtype,32.77971936159883,16.389859680799415,1835.6642842495344,2500.0,819.0
