,type,total km,total kWh,total CO2 [g],fix costs,total variable costs
0,low_range_vehtype,29.10981954585015,14.554909772925075,1630.1498945676085,2500.0,728.0
1,low_range_vehtype,28.574487046258138,14.287243523129069,1600.1712745904558,2500.0,714.0
2,low_range_vehtype,24.894920558670584,12.447460279335292,1394.1155512855528,2500.0,622.0
3,low_range_vehtype,25.403351011890575,12.701675505945287,1422.5876566658721,2500.0,635.0
4,low_range_vehtype,23.586272172869432,11.793136086434716,1320.8312416806882,2500.0,590.0
