,type,total km,total kWh,total CO2 [g],fix costs,total variable costs
0,low_range_vehtype,26.024657545850157,13.012328772925079,1457.380822567609,2500.0,651.0
1,low_range_vehtype,30.800458046258136,15.400229023129068,1724.8256505904556,2500.0,770.0
2,low_range_vehtype,33.72442910519846,16.86221455259923,1888.5680298911138,2500.0,843.0
3,low_range_vehtype,22.603143750782788,11.301571875391394,1265.7760500438362,2500.0,565.0
4,low_range_vehtype,26.175256516303754,13.087628258151877,1465.8143649130102,2500.0,654.0
