,type,total km,total kWh,total CO2 [g],fix costs,total variable costs
0,default_vehtype,50.351644,10.070328799999999,1127.8768255999998,1300.0,20141.0
1,default_vehtype,57.323505000000004,11.464701000000002,1284.0465120000001,1300.0,22929.0
2,default_vehtype,52.685315,10.537063,1180.151056,1300.0,21074.0
3,default_vehtype,51.412899,10.2825798,1151.6489376,1300.0,20565.0
4,default_vehtype,48.730270000000004,9.746054,1091.558048,1300.0,19492.0
