,type,total km,total kWh,total CO2 [g],fix costs,total variable costs
0,default_vehtype,37.14517551371263,0.18572587756856315,20.801298287679074,2500.0,929.0
1,default_vehtype,27.397728696549887,0.13698864348274944,15.342728070067938,2500.0,685.0
2,default_vehtype,18.877728146274755,0.09438864073137378,10.571527761913863,2500.0,472.0
3,default_vehtype,17.17873611861093,0.08589368059305466,9.620092226422122,2500.0,429.0
4,default_vehtype,29.486995661809736,0.1474349783090487,16.512717570613454,2500.0,737.0
