,type,total km,total kWh,total CO2 [g],fix costs,total variable costs
0,default_vehtype,17.743995,0.088719975,9.9366372,2500.0,444.0
1,default_vehtype,33.753148325131875,0.16876574162565938,18.90176306207385,2500.0,844.0
2,default_vehtype,29.474948584358167,0.14737474292179084,16.505971207240574,2500.0,737.0
3,default_vehtype,34.010870806957946,0.17005435403478972,19.04608765189645,2500.0,850.0
4,default_vehtype,61.239756094217114,0.3061987804710856,34.29426341276159,2500.0,1531.0
